Município;Região
Anchieta;Oeste
Bandeirante;Oeste
Barra Bonita;Oeste
Belmonte;Oeste
Descanso;Oeste
Dionísio Cerqueira;Oeste
Guaraciaba;Oeste
Guarujá do Sul;Oeste
Iporã do Oeste;Oeste
Itapiranga;Oeste
Mondaí;Oeste
Palma Sola;Oeste
Paraíso;Oeste
Princesa;Oeste
Riqueza;Oeste
Romelândia;Oeste
Santa Helena;Oeste
São João do Oeste;Oeste
São José do Cedro;Oeste
São Miguel do Oeste;Oeste
Tunápolis;Oeste
Águas de Chapecó;Oeste
Águas Frias;Oeste
Bom Jesus do Oeste;Oeste
Caibi;Oeste
Campo Erê;Oeste
Caxambu do Sul;Oeste
Chapecó;Oeste
Cordilheira Alta;Oeste
Coronel Freitas;Oeste
Cunha Porã;Oeste
Cunhataí;Oeste
Flor do Sertão;Oeste
Formosa do Sul;Oeste
Guatambu;Oeste
Iraceminha;Oeste
Irati;Oeste
Jardinópolis;Oeste
Maravilha;Oeste
Modelo;Oeste
Nova Erechim;Oeste
Nova Itaberaba;Oeste
Novo Horizonte;Oeste
Palmitos;Oeste
Pinhalzinho;Oeste
Planalto Alegre;Oeste
Quilombo;Oeste
Saltinho;Oeste
Santa Terezinha do Progresso;Oeste
Santiago do Sul;Oeste
São Bernardino;Oeste
São Carlos;Oeste
São Lourenço do Oeste;Oeste
São Miguel da Boa Vista;Oeste
Saudades;Oeste
Serra Alta;Oeste
Sul Brasil;Oeste
Tigrinhos;Oeste
União do Oeste;Oeste
Abelardo Luz;Oeste
Bom Jesus;Oeste
Coronel Martins;Oeste
Entre Rios;Oeste
Faxinal dos Guedes;Oeste
Galvão;Oeste
Ipuaçu;Oeste
Jupiá;Oeste
Lajeado Grande;Oeste
Marema;Oeste
Ouro Verde;Oeste
Passos Maia;Oeste
Ponte Serrada;Oeste
São Domingos;Oeste
Vargeão;Oeste
Xanxerê;Oeste
Xaxim;Oeste
Água Doce;Oeste
Arroio Trinta;Oeste
Caçador;Oeste
Calmon;Oeste
Capinzal;Oeste
Catanduvas;Oeste
Erval Velho;Oeste
Fraiburgo;Oeste
Herval d'Oeste;Oeste
Ibiam;Oeste
Ibicaré;Oeste
Iomerê;Oeste
Jaborá;Oeste
Joaçaba;Oeste
Lacerdópolis;Oeste
Lebon Régis;Oeste
Luzerna;Oeste
Macieira;Oeste
Matos Costa;Oeste
Ouro;Oeste
Pinheiro Preto;Oeste
Rio das Antas;Oeste
Salto Veloso;Oeste
Tangará;Oeste
Treze Tílias;Oeste
Vargem Bonita;Oeste
Videira;Oeste
Alto Bela Vista;Oeste
Arabutã;Oeste
Arvoredo;Oeste
Concórdia;Oeste
Ipira;Oeste
Ipumirim;Oeste
Irani;Oeste
Itá;Oeste
Lindóia do Sul;Oeste
Paial;Oeste
Peritiba;Oeste
Piratuba;Oeste
Presidente Castello Branco;Oeste
Seara;Oeste
Xavantina;Oeste
Mesorregião do Norte Catarinense;Norte
Bela Vista do Toldo;Norte
Canoinhas;Norte
Irineópolis;Norte
Itaiópolis;Norte
Mafra;Norte
Major Vieira;Norte
Monte Castelo;Norte
Papanduva;Norte
Porto União;Norte
Santa Terezinha;Norte
Timbó Grande;Norte
Três Barras;Norte
Campo Alegre;Norte
Rio Negrinho;Norte
São Bento do Sul;Norte
Araquari;Norte
Balneário Barra do Sul;Norte
Corupá;Norte
Garuva;Norte
Guaramirim;Norte
Itapoá;Norte
Jaraguá do Sul;Norte
Joinville;Norte
Massaranduba;Norte
São Francisco do Sul;Norte
Schroeder;Norte
Mesorregião Serrana;Serrana
Abdon Batista;Serrana
Brunópolis;Serrana
Campos Novos;Serrana
Curitibanos;Serrana
Frei Rogério;Serrana
Monte Carlo;Serrana
Ponte Alta;Serrana
Ponte Alta do Norte;Serrana
Santa Cecília;Serrana
São Cristóvão do Sul;Serrana
Vargem;Serrana
Zortéa;Serrana
Anita Garibaldi;Serrana
Bocaina do Sul;Serrana
Bom Jardim da Serra;Serrana
Bom Retiro;Serrana
Campo Belo do Sul;Serrana
Capão Alto;Serrana
Celso Ramos;Serrana
Cerro Negro;Serrana
Correia Pinto;Serrana
Lages;Serrana
Otacílio Costa;Serrana
Painel;Serrana
Palmeira;Serrana
Rio Rufino;Serrana
São Joaquim;Serrana
São José do Cerrito;Serrana
Urubici;Serrana
Urupema;Serrana
Mesorregião do Vale do Itajaí;Vale do Itajaí
Agronômica;Vale do Itajaí
Aurora;Vale do Itajaí
Braço do Trombudo;Vale do Itajaí
Dona Emma;Vale do Itajaí
Ibirama;Vale do Itajaí
José Boiteux;Vale do Itajaí
Laurentino;Vale do Itajaí
Lontras;Vale do Itajaí
Mirim Doce;Vale do Itajaí
Pouso Redondo;Vale do Itajaí
Presidente Getúlio;Vale do Itajaí
Presidente Nereu;Vale do Itajaí
Rio do Campo;Vale do Itajaí
Rio do Oeste;Vale do Itajaí
Rio do Sul;Vale do Itajaí
Salete;Vale do Itajaí
Taió;Vale do Itajaí
Trombudo Central;Vale do Itajaí
Vitor Meireles;Vale do Itajaí
Witmarsum;Vale do Itajaí
Apiúna;Vale do Itajaí
Ascurra;Vale do Itajaí
Benedito Novo;Vale do Itajaí
Blumenau;Vale do Itajaí
Botuverá;Vale do Itajaí
Brusque;Vale do Itajaí
Doutor Pedrinho;Vale do Itajaí
Gaspar;Vale do Itajaí
Guabiruba;Vale do Itajaí
Indaial;Vale do Itajaí
Luiz Alves;Vale do Itajaí
Pomerode;Vale do Itajaí
Rio dos Cedros;Vale do Itajaí
Rodeio;Vale do Itajaí
Timbó;Vale do Itajaí
Balneário Camboriú;Vale do Itajaí
Balneário Piçarras;Vale do Itajaí
Barra Velha;Vale do Itajaí
Bombinhas;Vale do Itajaí
Camboriú;Vale do Itajaí
Ilhota;Vale do Itajaí
Itajaí;Vale do Itajaí
Itapema;Vale do Itajaí
Navegantes;Vale do Itajaí
Penha;Vale do Itajaí
Porto Belo;Vale do Itajaí
São João do Itaperiú;Vale do Itajaí
Agrolândia;Vale do Itajaí
Atalanta;Vale do Itajaí
Chapadão do Lageado;Vale do Itajaí
Imbuia;Vale do Itajaí
Ituporanga;Vale do Itajaí
Petrolândia;Vale do Itajaí
Vidal Ramos;Vale do Itajaí
Mesorregião da Grande Florianópolis;Grande Florianópolis
Angelina;Grande Florianópolis
Canelinha;Grande Florianópolis
Leoberto Leal;Grande Florianópolis
Major Gercino;Grande Florianópolis
Nova Trento;Grande Florianópolis
São João Batista;Grande Florianópolis
Tijucas;Grande Florianópolis
Antônio Carlos;Grande Florianópolis
Biguaçu;Grande Florianópolis
Florianópolis;Grande Florianópolis
Governador Celso Ramos;Grande Florianópolis
Palhoça;Grande Florianópolis
Paulo Lopes;Grande Florianópolis
Santo Amaro da Imperatriz;Grande Florianópolis
São José;Grande Florianópolis
São Pedro de Alcântara;Grande Florianópolis
Águas Mornas;Grande Florianópolis
Alfredo Wagner;Grande Florianópolis
Anitápolis;Grande Florianópolis
Rancho Queimado;Grande Florianópolis
São Bonifácio;Grande Florianópolis
Mesorregião do Sul Catarinense;Grande Florianópolis
Armazém;Grande Florianópolis
Braço do Norte;Grande Florianópolis
Capivari de Baixo;Grande Florianópolis
Garopaba;Grande Florianópolis
Grão-Pará;Grande Florianópolis
Gravatal;Grande Florianópolis
Imaruí;Grande Florianópolis
Imbituba;Grande Florianópolis
Jaguaruna;Grande Florianópolis
Laguna;Grande Florianópolis
Orleans;Grande Florianópolis
Pedras Grandes;Grande Florianópolis
Pescaria Brava;Grande Florianópolis
Rio Fortuna;Grande Florianópolis
Sangão;Grande Florianópolis
Santa Rosa de Lima;Grande Florianópolis
São Ludgero;Grande Florianópolis
São Martinho;Grande Florianópolis
Treze de Maio;Grande Florianópolis
Tubarão;Grande Florianópolis
Balneário Rincão;Grande Florianópolis
Cocal do Sul;Grande Florianópolis
Criciúma;Grande Florianópolis
Forquilhinha;Grande Florianópolis
Içara;Grande Florianópolis
Lauro Müller;Grande Florianópolis
Morro da Fumaça;Grande Florianópolis
Nova Veneza;Grande Florianópolis
Siderópolis;Grande Florianópolis
Treviso;Grande Florianópolis
Urussanga;Grande Florianópolis
Araranguá;Grande Florianópolis
Balneário Arroio do Silva;Grande Florianópolis
Balneário Gaivota;Grande Florianópolis
Ermo;Grande Florianópolis
Jacinto Machado;Grande Florianópolis
Maracajá;Grande Florianópolis
Meleiro;Grande Florianópolis
Morro Grande;Grande Florianópolis
Passo de Torres;Grande Florianópolis
Praia Grande;Grande Florianópolis
Santa Rosa do Sul;Grande Florianópolis
São João do Sul;Grande Florianópolis
Sombrio;Grande Florianópolis
Timbé do Sul;Grande Florianópolis
Turvo;Grande Florianópolis
